{"cameraMode":{"drawMode":0,"name":"Shaded","section":"Shading Mode"},"sceneLighting":false,"audioPlay":false,"sceneViewState":{"showFog":true,"showMaterialUpdate":false,"showSkybox":false,"showFlares":true,"showImageEffects":true,"showParticleSystems":true},"in2DMode":false,"pivot":{"x":0.00017548725008964539,"y":-0.006647914182394743,"z":0.000096835196018219},"rotation":{"x":0.01419470738619566,"y":0.509685218334198,"z":-0.00841046217828989,"w":0.8602052330970764},"size":0.01730339601635933,"orthographic":true}