{"cameraMode":{"drawMode":0,"name":"Shaded","section":"Shading Mode"},"sceneLighting":true,"audioPlay":false,"sceneViewState":{"showFog":true,"showMaterialUpdate":false,"showSkybox":true,"showFlares":true,"showImageEffects":true,"showParticleSystems":true},"in2DMode":false,"pivot":{"x":0.03782491385936737,"y":0.08002901077270508,"z":0.10049580037593842},"rotation":{"x":-0.0811668187379837,"y":0.8937699198722839,"z":-0.18015265464782716,"w":-0.4027120769023895},"size":0.11163999885320664,"orthographic":true}