{"cameraMode":{"drawMode":0,"name":"Shaded","section":"Shading Mode"},"sceneLighting":false,"audioPlay":false,"sceneViewState":{"showFog":true,"showMaterialUpdate":false,"showSkybox":false,"showFlares":true,"showImageEffects":true,"showParticleSystems":true},"in2DMode":false,"pivot":{"x":-0.0004438646137714386,"y":-0.0065457746386528019,"z":-0.00009355694055557251},"rotation":{"x":-0.020583292469382287,"y":0.9792503118515015,"z":-0.1519068032503128,"w":-0.13271059095859528},"size":0.016932882368564607,"orthographic":true}