{"cameraMode":{"drawMode":0,"name":"Shaded","section":"Shading Mode"},"sceneLighting":false,"audioPlay":false,"sceneViewState":{"showFog":true,"showMaterialUpdate":false,"showSkybox":false,"showFlares":true,"showImageEffects":true,"showParticleSystems":true},"in2DMode":false,"pivot":{"x":0.00017548725008964539,"y":-0.006647914182394743,"z":0.000096835196018219},"rotation":{"x":-0.014442434534430504,"y":0.983476996421814,"z":-0.0911317691206932,"w":-0.1558905839920044},"size":0.01730339601635933,"orthographic":true}