{"cameraMode":{"drawMode":0,"name":"Shaded","section":"Shading Mode"},"sceneLighting":false,"audioPlay":false,"sceneViewState":{"showFog":true,"showMaterialUpdate":false,"showSkybox":false,"showFlares":true,"showImageEffects":true,"showParticleSystems":true},"in2DMode":false,"pivot":{"x":0.0,"y":0.005499999038875103,"z":4.656612873077393e-10},"rotation":{"x":-0.03309982642531395,"y":-0.7147462964057922,"z":0.033901698887348178,"w":-0.6977820992469788},"size":0.006946221925318241,"orthographic":true}