{"cameraMode":{"drawMode":0,"name":"Shaded","section":"Shading Mode"},"sceneLighting":false,"audioPlay":false,"sceneViewState":{"showFog":true,"showMaterialUpdate":false,"showSkybox":false,"showFlares":true,"showImageEffects":true,"showParticleSystems":true},"in2DMode":false,"pivot":{"x":0.00002033225609920919,"y":-0.006740495562553406,"z":-0.00005133564627612941},"rotation":{"x":0.03514053672552109,"y":-0.7930759191513062,"z":0.04597528651356697,"w":0.6064053177833557},"size":0.016703911125659944,"orthographic":true}