{"cameraMode":{"drawMode":0,"name":"Shaded","section":"Shading Mode"},"sceneLighting":false,"audioPlay":false,"sceneViewState":{"showFog":true,"showMaterialUpdate":false,"showSkybox":false,"showFlares":true,"showImageEffects":true,"showParticleSystems":true},"in2DMode":false,"pivot":{"x":0.0,"y":0.005499999038875103,"z":4.656612873077393e-10},"rotation":{"x":-0.19651980698108674,"y":-0.4675949215888977,"z":0.10746238380670548,"w":-0.8550984263420105},"size":0.006946221925318241,"orthographic":true}