{"cameraMode":{"drawMode":0,"name":"Shaded","section":"Shading Mode"},"sceneLighting":true,"audioPlay":false,"sceneViewState":{"showFog":true,"showMaterialUpdate":false,"showSkybox":true,"showFlares":true,"showImageEffects":true,"showParticleSystems":true},"in2DMode":false,"pivot":{"x":0.08176090568304062,"y":0.08493469655513764,"z":-0.09051966667175293},"rotation":{"x":-0.2149527668952942,"y":-0.44625192880630495,"z":0.11135818809270859,"w":-0.861616849899292},"size":0.16866399347782136,"orthographic":true}