{"cameraMode":{"drawMode":0,"name":"Shaded","section":"Shading Mode"},"sceneLighting":true,"audioPlay":false,"sceneViewState":{"showFog":true,"showMaterialUpdate":false,"showSkybox":true,"showFlares":true,"showImageEffects":true,"showParticleSystems":true},"in2DMode":false,"pivot":{"x":0.04650062322616577,"y":0.10862915217876435,"z":0.12912078201770783},"rotation":{"x":-0.0024536463897675277,"y":0.9713236093521118,"z":-0.23769953846931458,"w":-0.010240859352052212},"size":0.10057210922241211,"orthographic":true}