{"cameraMode":{"drawMode":0,"name":"Shaded","section":"Shading Mode"},"sceneLighting":false,"audioPlay":false,"sceneViewState":{"showFog":true,"showMaterialUpdate":false,"showSkybox":false,"showFlares":true,"showImageEffects":true,"showParticleSystems":true},"in2DMode":false,"pivot":{"x":0.00017548725008964539,"y":-0.006647914182394743,"z":0.000096835196018219},"rotation":{"x":-0.07768873125314713,"y":0.7934557199478149,"z":-0.1036539301276207,"w":-0.5947206020355225},"size":0.01804543286561966,"orthographic":true}