{"cameraMode":{"drawMode":0,"name":"Shaded","section":"Shading Mode"},"sceneLighting":false,"audioPlay":false,"sceneViewState":{"showFog":true,"showMaterialUpdate":false,"showSkybox":false,"showFlares":true,"showImageEffects":true,"showParticleSystems":true},"in2DMode":false,"pivot":{"x":0.0047526974231004719,"y":0.002012524986639619,"z":0.0015877678524702788},"rotation":{"x":-0.07029393315315247,"y":-0.5347412824630737,"z":0.04469878599047661,"w":-0.8409048914909363},"size":0.012260260991752148,"orthographic":true}