{"cameraMode":{"drawMode":0,"name":"Shaded","section":"Shading Mode"},"sceneLighting":true,"audioPlay":false,"sceneViewState":{"showFog":true,"showMaterialUpdate":false,"showSkybox":true,"showFlares":true,"showImageEffects":true,"showParticleSystems":true},"in2DMode":false,"pivot":{"x":-0.0000680387020111084,"y":0.05171943083405495,"z":0.0003080517053604126},"rotation":{"x":-0.08776319026947022,"y":-0.5863964557647705,"z":0.06411049515008927,"w":-0.8027265071868897},"size":0.8405227661132813,"orthographic":true}