{"cameraMode":{"drawMode":0,"name":"Shaded","section":"Shading Mode"},"sceneLighting":true,"audioPlay":false,"sceneViewState":{"showFog":true,"showMaterialUpdate":false,"showSkybox":true,"showFlares":true,"showImageEffects":true,"showParticleSystems":true},"in2DMode":false,"pivot":{"x":-0.00495654484257102,"y":0.04615500941872597,"z":-0.003784661181271076},"rotation":{"x":-0.21701791882514954,"y":0.09849057346582413,"z":-0.02201281487941742,"w":-0.9709420204162598},"size":0.1349715292453766,"orthographic":true}