{"cameraMode":{"drawMode":0,"name":"Shaded","section":"Shading Mode"},"sceneLighting":true,"audioPlay":false,"sceneViewState":{"showFog":true,"showMaterialUpdate":false,"showSkybox":true,"showFlares":true,"showImageEffects":true,"showParticleSystems":true},"in2DMode":false,"pivot":{"x":-0.05852451175451279,"y":0.04335208609700203,"z":0.04789683595299721},"rotation":{"x":0.06465885043144226,"y":0.9316443800926209,"z":-0.2921750247478485,"w":0.20617972314357758},"size":0.1300937533378601,"orthographic":true}