{"cameraMode":{"drawMode":0,"name":"Shaded","section":"Shading Mode"},"sceneLighting":false,"audioPlay":false,"sceneViewState":{"showFog":true,"showMaterialUpdate":false,"showSkybox":false,"showFlares":true,"showImageEffects":true,"showParticleSystems":true},"in2DMode":false,"pivot":{"x":-0.0004438646137714386,"y":-0.0065457746386528019,"z":-0.00009355694055557251},"rotation":{"x":0.02115778438746929,"y":0.757134735584259,"z":-0.02452816069126129,"w":0.6524867415428162},"size":0.016932882368564607,"orthographic":false}